  ,loss                ,mean_absolute_error,mean_absolute_percentage_error,val_loss            ,val_mean_absolute_error,val_mean_absolute_percentage_error,name
0 ,0.5625395178794861  ,0.5256991982460022 ,345.1673889160156             ,0.6239500045776367  ,0.5629343390464783     ,271.30206298828125                ,generic
1 ,0.4774320423603058  ,0.46637117862701416,344.9670104980469             ,0.5519323348999023  ,0.49703362584114075    ,338.7435607910156                 ,generic
2 ,0.4609920382499695  ,0.4533257484436035 ,340.56201171875               ,0.5525616407394409  ,0.4989241063594818     ,320.0985412597656                 ,generic
3 ,0.4489196240901947  ,0.4440659284591675 ,337.5494079589844             ,0.5505197048187256  ,0.4862523376941681     ,319.49969482421875                ,generic
4 ,0.43670454621315    ,0.4351520836353302 ,333.3779296875                ,0.5999537110328674  ,0.5378978252410889     ,263.95721435546875                ,generic
5 ,0.42873650789260864 ,0.4290981590747833 ,329.8121643066406             ,0.5479781627655029  ,0.49321073293685913    ,291.7335510253906                 ,generic
6 ,0.41962867975234985 ,0.42230144143104553,328.7783203125                ,0.5259605646133423  ,0.47650009393692017    ,327.1500549316406                 ,generic
7 ,0.41253986954689026 ,0.41771960258483887,329.8714599609375             ,0.5353861451148987  ,0.49092531204223633    ,302.48516845703125                ,generic
8 ,0.4066483974456787  ,0.413379967212677  ,328.59173583984375            ,0.5238330364227295  ,0.48040133714675903    ,312.53582763671875                ,generic
9 ,0.39964574575424194 ,0.4072943329811096 ,329.0752258300781             ,0.5277519822120667  ,0.4817664623260498     ,309.2803649902344                 ,generic
10,0.39599159359931946 ,0.4044872522354126 ,328.93536376953125            ,0.5284306406974792  ,0.4702703058719635     ,330.5093078613281                 ,generic
11,0.3915119171142578  ,0.40091124176979065,330.188232421875              ,0.5430389642715454  ,0.4914972484111786     ,310.9020690917969                 ,generic
12,0.3909246325492859  ,0.40102705359458923,331.3232727050781             ,0.5417433381080627  ,0.49585941433906555    ,299.00701904296875                ,generic
13,0.38737162947654724 ,0.39813554286956787,329.0118103027344             ,0.5155075192451477  ,0.47500085830688477    ,320.245849609375                  ,generic
14,0.3828274607658386  ,0.39538076519966125,328.9706115722656             ,0.514100968837738   ,0.4748039245605469     ,316.13427734375                   ,generic
15,0.3789423108100891  ,0.39215028285980225,327.8880310058594             ,0.5263257622718811  ,0.49488672614097595    ,299.1996154785156                 ,generic
16,0.3752569854259491  ,0.3890842795372009 ,328.12957763671875            ,0.522212028503418   ,0.49015066027641296    ,288.7255554199219                 ,generic
17,0.37259694933891296 ,0.3877459466457367 ,326.9027099609375             ,0.5515463352203369  ,0.5082069039344788     ,296.5426330566406                 ,generic
18,0.370665967464447   ,0.3868367671966553 ,327.11773681640625            ,0.545819878578186   ,0.5059198141098022     ,295.8080139160156                 ,generic
19,0.37049999833106995 ,0.3866555094718933 ,326.4188232421875             ,0.563631534576416   ,0.5197233557701111     ,292.1297912597656                 ,generic
20,0.36439386010169983 ,0.3814511299133301 ,324.2887878417969             ,0.5610049962997437  ,0.5183076858520508     ,305.90869140625                   ,generic
21,0.3640512526035309  ,0.3812780976295471 ,324.83001708984375            ,0.5795661211013794  ,0.5301557183265686     ,312.81298828125                   ,generic
22,0.36210164427757263 ,0.3796413242816925 ,324.2107849121094             ,0.5764362215995789  ,0.5319736003875732     ,307.2699279785156                 ,generic
23,0.36079758405685425 ,0.37921541929244995,321.24365234375               ,0.602570652961731   ,0.5494428277015686     ,288.9884338378906                 ,generic
24,0.35752952098846436 ,0.37655529379844666,322.3095703125                ,0.5618454813957214  ,0.523881733417511      ,297.13494873046875                ,generic
0 ,0.6311585903167725  ,0.30400824546813965,88.43257904052734             ,0.011255520395934582,0.09102095663547516    ,27.37969207763672                 ,Bar
1 ,0.6939911246299744  ,0.3718520700931549 ,112.87572479248047            ,0.01000527199357748 ,0.08572585880756378    ,25.624052047729492                ,Bar
2 ,0.9373749494552612  ,0.41066861152648926,81.51974487304688             ,0.008037000894546509,0.0757623091340065     ,22.67675018310547                 ,Bar
3 ,0.47687670588493347 ,0.32267439365386963,113.193359375                 ,0.010287318378686905,0.0840785801410675     ,25.174686431884766                ,Bar
4 ,0.4942459166049957  ,0.302988201379776  ,101.3721694946289             ,0.010725889354944229,0.08625763654708862    ,25.808998107910156                ,Bar
5 ,0.4095774292945862  ,0.2698468863964081 ,98.86029052734375             ,0.01090787909924984 ,0.08641752600669861    ,25.912595748901367                ,Bar
6 ,0.38786929845809937 ,0.2641580402851105 ,100.20397186279297            ,0.013834155164659023,0.09240855276584625    ,27.869779586791992                ,Bar
7 ,0.42814216017723083 ,0.2888704538345337 ,99.30937194824219             ,0.014760773628950119,0.09809622168540955    ,29.922548294067383                ,Bar
8 ,0.3724101185798645  ,0.2632594108581543 ,107.7508544921875             ,0.007199165876954794,0.06830377876758575    ,20.531984329223633                ,Bar
9 ,0.36602604389190674 ,0.25119614601135254,92.76375579833984             ,0.009254898875951767,0.08574855327606201    ,25.595073699951172                ,Bar
10,0.347646564245224   ,0.23732233047485352,92.28297424316406             ,0.007481227163225412,0.07422210276126862    ,22.1401309967041                  ,Bar
11,0.337839275598526   ,0.2264593094587326 ,91.61463165283203             ,0.01138148084282875 ,0.09358951449394226    ,27.994464874267578                ,Bar
12,0.3403269946575165  ,0.23750947415828705,100.15263366699219            ,0.004581184592097998,0.054786719381809235   ,16.59939193725586                 ,Bar
13,0.3328612744808197  ,0.22400853037834167,95.95293426513672             ,0.003741410793736577,0.049089331179857254   ,14.659958839416504                ,Bar
14,0.32442861795425415 ,0.22039079666137695,87.83369445800781             ,0.01077091321349144 ,0.08678595721721649    ,25.954553604125977                ,Bar
15,0.3218134939670563  ,0.22045332193374634,90.90428924560547             ,0.010358801111578941,0.08597613126039505    ,25.67751121520996                 ,Bar
16,0.32085883617401123 ,0.22236362099647522,93.82563018798828             ,0.007207744289189577,0.07074559479951859    ,21.084474563598633                ,Bar
17,0.3129304051399231  ,0.21282023191452026,90.12445068359375             ,0.011853305622935295,0.0911540612578392     ,27.175504684448242                ,Bar
18,0.3141013979911804  ,0.2169434279203415 ,90.5113296508789              ,0.01841692067682743 ,0.119884192943573      ,35.88628387451172                 ,Bar
19,0.3166080415248871  ,0.22347332537174225,90.18976593017578             ,0.011729524470865726,0.09479159116744995    ,28.3765811920166                  ,Bar
20,0.3209083378314972  ,0.22352871298789978,88.34606170654297             ,0.007326750550419092,0.06665226817131042    ,19.895963668823242                ,Bar
21,0.31078284978866577 ,0.21302080154418945,89.26439666748047             ,0.006764817982912064,0.05992353335022926    ,17.97686195373535                 ,Bar
22,0.3235985040664673  ,0.22217103838920593,86.00786590576172             ,0.005665011703968048,0.05421658232808113    ,16.29689598083496                 ,Bar
23,0.30685243010520935 ,0.21057195961475372,88.01367950439453             ,0.006779629271477461,0.05782025307416916    ,17.280317306518555                ,Bar
0 ,0.23270629346370697 ,0.3212890625       ,120.34420776367188            ,0.2943934202194214  ,0.39367708563804626    ,129.27890014648438                ,Hi Solar Rad.
1 ,0.195445716381073   ,0.2835013270378113 ,117.81547546386719            ,0.19777075946331024 ,0.3100048005580902     ,95.39861297607422                 ,Hi Solar Rad.
2 ,0.1917211413383484  ,0.276579886674881  ,117.97501373291016            ,0.24109651148319244 ,0.37784281373023987    ,95.26736450195312                 ,Hi Solar Rad.
3 ,0.18636873364448547 ,0.2682775557041168 ,117.2717514038086             ,0.23231829702854156 ,0.3679831027984619     ,90.64789581298828                 ,Hi Solar Rad.
4 ,0.182884082198143   ,0.26302918791770935,116.86932373046875            ,0.22022736072540283 ,0.3629031777381897     ,86.72113037109375                 ,Hi Solar Rad.
5 ,0.18022198975086212 ,0.25967586040496826,115.7756576538086             ,0.2080303430557251  ,0.34737348556518555    ,85.93812561035156                 ,Hi Solar Rad.
6 ,0.1772206425666809  ,0.2564767599105835 ,115.08016967773438            ,0.24983982741832733 ,0.4007731080055237     ,87.15262603759766                 ,Hi Solar Rad.
7 ,0.1747797429561615  ,0.25413379073143005,114.33396911621094            ,0.2097879946231842  ,0.3514154553413391     ,85.88836669921875                 ,Hi Solar Rad.
8 ,0.17398890852928162 ,0.2527913749217987 ,114.23155212402344            ,0.2186572104692459  ,0.35995107889175415    ,88.1915283203125                  ,Hi Solar Rad.
9 ,0.17293401062488556 ,0.25221848487854004,114.1651840209961             ,0.18607915937900543 ,0.3121134638786316     ,84.65636444091797                 ,Hi Solar Rad.
10,0.17147524654865265 ,0.2498706877231598 ,113.81797790527344            ,0.17708750069141388 ,0.2854996919631958     ,85.78661346435547                 ,Hi Solar Rad.
11,0.16961117088794708 ,0.24765852093696594,112.85671997070312            ,0.17497721314430237 ,0.2755640745162964     ,87.16542053222656                 ,Hi Solar Rad.
12,0.1682763546705246  ,0.24534280598163605,112.58984375                  ,0.17958074808120728 ,0.2632882297039032     ,90.5591049194336                  ,Hi Solar Rad.
13,0.16659186780452728 ,0.24377256631851196,111.45956420898438            ,0.17669755220413208 ,0.26071134209632874    ,86.20391845703125                 ,Hi Solar Rad.
14,0.16476157307624817 ,0.24260011315345764,111.1532974243164             ,0.19124814867973328 ,0.26925766468048096    ,93.64859771728516                 ,Hi Solar Rad.
15,0.163730651140213   ,0.2414112687110901 ,110.2047119140625             ,0.17751257121562958 ,0.25727182626724243    ,86.38359832763672                 ,Hi Solar Rad.
16,0.16203522682189941 ,0.239717036485672  ,109.75129699707031            ,0.18146781623363495 ,0.26062408089637756    ,88.103759765625                   ,Hi Solar Rad.
17,0.16240915656089783 ,0.24029546976089478,109.68394470214844            ,0.18119339644908905 ,0.28184887766838074    ,83.23827362060547                 ,Hi Solar Rad.
18,0.16006480157375336 ,0.2376219779253006 ,108.86849975585938            ,0.19119668006896973 ,0.2866362929344177     ,85.4200668334961                  ,Hi Solar Rad.
19,0.1606319099664688  ,0.2385350465774536 ,108.28886413574219            ,0.18165525794029236 ,0.26571837067604065    ,83.70372009277344                 ,Hi Solar Rad.
20,0.15770728886127472 ,0.23601779341697693,108.22225189208984            ,0.19544920325279236 ,0.2884180247783661     ,87.56918334960938                 ,Hi Solar Rad.
21,0.15680702030658722 ,0.23429438471794128,107.46857452392578            ,0.18937376141548157 ,0.2858882248401642     ,81.0027084350586                  ,Hi Solar Rad.
0 ,0.7278584837913513  ,0.6706589460372925 ,131.42059326171875            ,0.5170642137527466  ,0.6047130227088928     ,110.81717681884766                ,Hi Speed
1 ,0.6057098507881165  ,0.6064958572387695 ,133.17837524414062            ,0.43627381324768066 ,0.5253915786743164     ,122.4720230102539                 ,Hi Speed
2 ,0.5884392261505127  ,0.5956788659095764 ,133.52647399902344            ,0.4126291573047638  ,0.501617431640625      ,119.14529418945312                ,Hi Speed
3 ,0.5837506055831909  ,0.5925125479698181 ,132.8020477294922             ,0.4099804162979126  ,0.5028470158576965     ,116.17544555664062                ,Hi Speed
4 ,0.5777135491371155  ,0.5889014601707458 ,133.87979125976562            ,0.41330045461654663 ,0.5087201595306396     ,116.5486831665039                 ,Hi Speed
5 ,0.5683907866477966  ,0.5841174125671387 ,133.61285400390625            ,0.4203810393810272  ,0.5209487676620483     ,113.6295166015625                 ,Hi Speed
6 ,0.559196949005127   ,0.5786800384521484 ,133.11265563964844            ,0.44615694880485535 ,0.5486924052238464     ,112.7193374633789                 ,Hi Speed
7 ,0.5485327839851379  ,0.5722625851631165 ,132.6865234375                ,0.43795931339263916 ,0.5390112400054932     ,113.88197326660156                ,Hi Speed
8 ,0.5364410877227783  ,0.5652154684066772 ,132.1447296142578             ,0.4620908796787262  ,0.5611509084701538     ,109.3934097290039                 ,Hi Speed
9 ,0.527777373790741   ,0.560563862323761  ,132.0979461669922             ,0.4530922472476959  ,0.5509400963783264     ,110.86698913574219                ,Hi Speed
10,0.5195783376693726  ,0.5557765364646912 ,131.5878448486328             ,0.45454010367393494 ,0.5517180562019348     ,112.9949951171875                 ,Hi Speed
11,0.5138720870018005  ,0.5527346730232239 ,131.2545623779297             ,0.4618057906627655  ,0.5417899489402771     ,121.42041778564453                ,Hi Speed
12,0.5034799575805664  ,0.5464496612548828 ,130.3672332763672             ,0.47200873494148254 ,0.5551009774208069     ,119.5674819946289                 ,Hi Speed
13,0.4941134750843048  ,0.5402056574821472 ,129.67762756347656            ,0.5085205435752869  ,0.5868961811065674     ,117.53724670410156                ,Hi Speed
0 ,0.28543877601623535 ,0.41633883118629456,139.0694122314453             ,0.3531284034252167  ,0.4460389018058777     ,166.20738220214844                ,Hi Temp
1 ,0.2510133683681488  ,0.38757485151290894,139.48825073242188            ,0.27551084756851196 ,0.40072134137153625    ,126.6878662109375                 ,Hi Temp
2 ,0.24031905829906464 ,0.37701284885406494,138.26547241210938            ,0.2390088140964508  ,0.37716493010520935    ,123.76302337646484                ,Hi Temp
3 ,0.2321450561285019  ,0.369806170463562  ,137.60166931152344            ,0.2474508434534073  ,0.3877001702785492     ,116.9203872680664                 ,Hi Temp
4 ,0.22714830935001373 ,0.36591053009033203,136.9081268310547             ,0.2757784426212311  ,0.4118652641773224     ,109.1924819946289                 ,Hi Temp
5 ,0.22269828617572784 ,0.36271142959594727,136.65530395507812            ,0.28267383575439453 ,0.41880306601524353    ,107.60762786865234                ,Hi Temp
6 ,0.21983477473258972 ,0.36035507917404175,136.71665954589844            ,0.26799821853637695 ,0.40749049186706543    ,111.78814697265625                ,Hi Temp
7 ,0.21788956224918365 ,0.358641117811203  ,136.78567504882812            ,0.26049166917800903 ,0.3989781141281128     ,114.28721618652344                ,Hi Temp
8 ,0.21519096195697784 ,0.35617515444755554,136.37391662597656            ,0.26268869638442993 ,0.40081191062927246    ,114.17582702636719                ,Hi Temp
9 ,0.2124955803155899  ,0.35382187366485596,136.22109985351562            ,0.2579728662967682  ,0.3973143696784973     ,115.53107452392578                ,Hi Temp
10,0.21038876473903656 ,0.35219213366508484,135.59022521972656            ,0.26400837302207947 ,0.4005228281021118     ,115.85016632080078                ,Hi Temp
11,0.20910553634166718 ,0.3511674702167511 ,135.12759399414062            ,0.24346788227558136 ,0.3815222680568695     ,120.27941131591797                ,Hi Temp
12,0.207555890083313   ,0.3496035039424896 ,134.22239685058594            ,0.25389954447746277 ,0.3923352062702179     ,117.85348510742188                ,Hi Temp
0 ,0.35461652278900146 ,0.4445647597312927 ,137.46400451660156            ,0.9733573794364929  ,0.8313519954681396     ,341.2643127441406                 ,In Hum
1 ,0.3066375255584717  ,0.4070872366428375 ,138.44578552246094            ,1.3520601987838745  ,0.9100037217140198     ,172.0853271484375                 ,In Hum
2 ,0.3177303075790405  ,0.4230107069015503 ,147.22535705566406            ,1.1643682718276978  ,0.848767101764679      ,178.83221435546875                ,In Hum
3 ,0.3063938021659851  ,0.4155116081237793 ,142.94976806640625            ,1.1327319145202637  ,0.8462024927139282     ,185.76148986816406                ,In Hum
4 ,0.28447991609573364 ,0.40294668078422546,145.66465759277344            ,1.1496535539627075  ,0.8540647625923157     ,179.7903289794922                 ,In Hum
5 ,0.27309703826904297 ,0.3920930325984955 ,144.01263427734375            ,1.0718210935592651  ,0.8363910913467407     ,184.93875122070312                ,In Hum
6 ,0.268392950296402   ,0.3875391483306885 ,142.70668029785156            ,0.9943786859512329  ,0.820398211479187      ,196.34959411621094                ,In Hum
7 ,0.26942819356918335 ,0.38782835006713867,142.4331817626953             ,1.059605598449707   ,0.8326636552810669     ,181.1220703125                    ,In Hum
8 ,0.26574471592903137 ,0.3855399191379547 ,142.6785888671875             ,0.9790568947792053  ,0.795668363571167      ,166.89427185058594                ,In Hum
9 ,0.257671982049942   ,0.3819626569747925 ,142.2226104736328             ,1.145882248878479   ,0.8497801423072815     ,150.15516662597656                ,In Hum
10,0.2572535574436188  ,0.3819601237773895 ,142.05857849121094            ,0.8785827159881592  ,0.7740232348442078     ,188.81381225585938                ,In Hum
11,0.25690707564353943 ,0.38389384746551514,144.29574584960938            ,1.065316081047058   ,0.814401388168335      ,167.43408203125                   ,In Hum
12,0.2460699826478958  ,0.37378180027008057,139.6529083251953             ,0.985700786113739   ,0.7858903408050537     ,150.29734802246094                ,In Hum
13,0.24617831408977509 ,0.3727143108844757 ,140.52337646484375            ,0.9476470351219177  ,0.7779152393341064     ,153.7611541748047                 ,In Hum
14,0.2362014651298523  ,0.3654642105102539 ,138.50877380371094            ,0.9723173379898071  ,0.7991628646850586     ,173.77220153808594                ,In Hum
15,0.22976268827915192 ,0.35843101143836975,136.8185577392578             ,1.1239416599273682  ,0.8673645853996277     ,198.6666259765625                 ,In Hum
16,0.22498320043087006 ,0.35411763191223145,135.4969024658203             ,1.0229603052139282  ,0.8405587673187256     ,224.64437866210938                ,In Hum
17,0.21891017258167267 ,0.35070767998695374,134.41506958007812            ,0.9495419263839722  ,0.7962016463279724     ,177.56314086914062                ,In Hum
18,0.212761789560318   ,0.3447328507900238 ,132.750244140625              ,0.94853675365448    ,0.8001052141189575     ,192.62925720214844                ,In Hum
19,0.20831939578056335 ,0.3408697545528412 ,132.76019287109375            ,0.8439740538597107  ,0.7529497742652893     ,173.58750915527344                ,In Hum
20,0.21220122277736664 ,0.34274229407310486,133.0926971435547             ,0.82651287317276    ,0.7533717751502991     ,205.84303283691406                ,In Hum
21,0.20949502289295197 ,0.3407386839389801 ,130.4419403076172             ,0.9281718730926514  ,0.810400664806366      ,245.2060546875                    ,In Hum
22,0.20016610622406006 ,0.3355022072792053 ,128.58168029785156            ,1.055444359779358   ,0.8291786909103394     ,175.71266174316406                ,In Hum
23,0.1927751898765564  ,0.3286136984825134 ,127.7616958618164             ,1.0440584421157837  ,0.8326067924499512     ,204.9919891357422                 ,In Hum
24,0.18638569116592407 ,0.32326751947402954,125.92655944824219            ,1.1763420104980469  ,0.8708481788635254     ,181.79342651367188                ,In Hum
25,0.18292245268821716 ,0.32190266251564026,125.97225952148438            ,1.123963475227356   ,0.8494690656661987     ,174.17385864257812                ,In Hum
26,0.1787499040365219  ,0.317630410194397  ,123.51179504394531            ,1.08113694190979    ,0.8366034626960754     ,172.81849670410156                ,In Hum
27,0.18391352891921997 ,0.3213737905025482 ,124.57939147949219            ,0.9131139516830444  ,0.7886044979095459     ,206.95596313476562                ,In Hum
28,0.18080241978168488 ,0.3194698989391327 ,123.88168334960938            ,1.036449909210205   ,0.8213045597076416     ,178.0383758544922                 ,In Hum
29,0.17707984149456024 ,0.31748923659324646,121.99677276611328            ,1.2449384927749634  ,0.8892198801040649     ,169.83949279785156                ,In Hum
30,0.17162317037582397 ,0.3135930895805359 ,121.85286712646484            ,0.916797399520874   ,0.7820754051208496     ,188.5595703125                    ,In Hum
0 ,0.6112728118896484  ,0.542229413986206  ,178.08555603027344            ,2.032611131668091   ,1.1867332458496094     ,157.93568420410156                ,In Temp
1 ,0.5519577860832214  ,0.5111545324325562 ,192.76454162597656            ,1.8932554721832275  ,1.116969108581543      ,136.07809448242188                ,In Temp
2 ,0.5234622955322266  ,0.4966062009334564 ,194.85464477539062            ,1.7984734773635864  ,1.0783722400665283     ,128.7434539794922                 ,In Temp
3 ,0.4855710566043854  ,0.4808683395385742 ,194.0671844482422             ,1.7990103960037231  ,1.0837187767028809     ,137.4673614501953                 ,In Temp
4 ,0.455735445022583   ,0.4661487638950348 ,190.80972290039062            ,1.765442132949829   ,1.0620994567871094     ,128.971923828125                  ,In Temp
5 ,0.4410248100757599  ,0.456728994846344  ,189.557373046875              ,1.8138296604156494  ,1.0948299169540405     ,147.09475708007812                ,In Temp
6 ,0.4220171868801117  ,0.44814807176589966,189.406005859375              ,1.890706181526184   ,1.1275644302368164     ,159.28880310058594                ,In Temp
7 ,0.4145013391971588  ,0.4432002305984497 ,194.42620849609375            ,1.8988609313964844  ,1.1286342144012451     ,165.5766143798828                 ,In Temp
8 ,0.40694794058799744 ,0.4395935535430908 ,189.33529663085938            ,1.8833539485931396  ,1.117117166519165      ,163.57943725585938                ,In Temp
9 ,0.4037659168243408  ,0.4371134042739868 ,191.68408203125               ,1.8690423965454102  ,1.1165701150894165     ,173.1099853515625                 ,In Temp
10,0.39923587441444397 ,0.4356275200843811 ,190.419921875                 ,1.8463271856307983  ,1.110134243965149      ,165.3043212890625                 ,In Temp
11,0.3854312002658844  ,0.4277876615524292 ,187.54603576660156            ,1.8862006664276123  ,1.122195839881897      ,174.7458038330078                 ,In Temp
12,0.38220083713531494 ,0.42584481835365295,188.93365478515625            ,1.9195162057876587  ,1.1383558511734009     ,181.00975036621094                ,In Temp
13,0.37380555272102356 ,0.41961047053337097,184.71844482421875            ,1.9394091367721558  ,1.1455527544021606     ,184.2885284423828                 ,In Temp
14,0.36428070068359375 ,0.41523444652557373,185.11378479003906            ,1.902082085609436   ,1.1327098608016968     ,180.95285034179688                ,In Temp
0 ,0.7363536357879639  ,0.7071385383605957 ,85.51737213134766             ,0.723936140537262   ,0.6916710138320923     ,86.332275390625                   ,Leaf Wet 1
1 ,0.6608774662017822  ,0.6469109654426575 ,81.34204864501953             ,0.6776447892189026  ,0.6461361050605774     ,86.76380920410156                 ,Leaf Wet 1
2 ,0.641713559627533   ,0.6336802244186401 ,80.51516723632812             ,0.6731719970703125  ,0.6354091763496399     ,85.89472198486328                 ,Leaf Wet 1
3 ,0.6296141743659973  ,0.6233514547348022 ,79.59149932861328             ,0.6591620445251465  ,0.6354508399963379     ,84.3578872680664                  ,Leaf Wet 1
4 ,0.6203399896621704  ,0.6154063940048218 ,78.9200668334961              ,0.6568536758422852  ,0.6379690170288086     ,83.94965362548828                 ,Leaf Wet 1
5 ,0.6153133511543274  ,0.6107069849967957 ,78.44190979003906             ,0.6586991548538208  ,0.6464361548423767     ,85.1861801147461                  ,Leaf Wet 1
6 ,0.6090564727783203  ,0.6059514880180359 ,77.96520233154297             ,0.6572042107582092  ,0.650809645652771      ,85.23379516601562                 ,Leaf Wet 1
7 ,0.6035619378089905  ,0.6006830334663391 ,77.39375305175781             ,0.6614052653312683  ,0.6775026917457581     ,87.17208862304688                 ,Leaf Wet 1
8 ,0.599166214466095   ,0.5981332063674927 ,77.25933837890625             ,0.6586264371871948  ,0.6617467403411865     ,86.59280395507812                 ,Leaf Wet 1
9 ,0.5934181213378906  ,0.5926096439361572 ,76.52061462402344             ,0.6612171530723572  ,0.6511697769165039     ,87.38581848144531                 ,Leaf Wet 1
10,0.590671718120575   ,0.5904914736747742 ,76.39022064208984             ,0.670333743095398   ,0.6783743500709534     ,87.71399688720703                 ,Leaf Wet 1
11,0.5861948728561401  ,0.5889965891838074 ,76.3359603881836              ,0.668541431427002   ,0.6696202754974365     ,88.55416107177734                 ,Leaf Wet 1
12,0.5817197561264038  ,0.5850511789321899 ,75.80781555175781             ,0.6748488545417786  ,0.6776762008666992     ,89.8354721069336                  ,Leaf Wet 1
13,0.5752678513526917  ,0.5809391736984253 ,75.38925170898438             ,0.6761858463287354  ,0.6526156067848206     ,89.80644226074219                 ,Leaf Wet 1
14,0.5710026025772095  ,0.5788743495941162 ,75.31417846679688             ,0.6794493198394775  ,0.6705350875854492     ,90.1805648803711                  ,Leaf Wet 1
0 ,0.7102242112159729  ,0.7077674865722656 ,80.11756896972656             ,0.6665725111961365  ,0.7059091925621033     ,79.69236755371094                 ,Leaf Wet Accum
1 ,0.6337575912475586  ,0.6409822702407837 ,74.43602752685547             ,0.606938898563385   ,0.6176152229309082     ,74.40291595458984                 ,Leaf Wet Accum
2 ,0.6156616806983948  ,0.627126932144165  ,73.32841491699219             ,0.5956169962882996  ,0.6163022518157959     ,73.46151733398438                 ,Leaf Wet Accum
3 ,0.6069355607032776  ,0.6196854710578918 ,72.69093322753906             ,0.5932120084762573  ,0.6216205358505249     ,73.65431213378906                 ,Leaf Wet Accum
4 ,0.5994420647621155  ,0.6129716038703918 ,72.0423812866211              ,0.5895622372627258  ,0.6224768757820129     ,73.62742614746094                 ,Leaf Wet Accum
5 ,0.5940138101577759  ,0.6088138818740845 ,71.69229888916016             ,0.5858999490737915  ,0.6179155111312866     ,73.25997161865234                 ,Leaf Wet Accum
6 ,0.5888911485671997  ,0.6045428514480591 ,71.29804992675781             ,0.5857169032096863  ,0.6269343495368958     ,73.5827407836914                  ,Leaf Wet Accum
7 ,0.5834226608276367  ,0.5998098850250244 ,70.86136627197266             ,0.5899043083190918  ,0.6240463256835938     ,73.58625793457031                 ,Leaf Wet Accum
8 ,0.5781015157699585  ,0.5958041548728943 ,70.50727844238281             ,0.6054790019989014  ,0.6636611819267273     ,76.21379089355469                 ,Leaf Wet Accum
9 ,0.5733650326728821  ,0.5921745300292969 ,70.11833190917969             ,0.6088683605194092  ,0.6483998894691467     ,76.25564575195312                 ,Leaf Wet Accum
10,0.5703338980674744  ,0.5899739861488342 ,69.86215209960938             ,0.6060549020767212  ,0.657132089138031      ,76.49653625488281                 ,Leaf Wet Accum
11,0.5660786032676697  ,0.5865220427513123 ,69.41850280761719             ,0.6291579604148865  ,0.6699113249778748     ,77.98606872558594                 ,Leaf Wet Accum
12,0.5621958374977112  ,0.5843573808670044 ,69.22183990478516             ,0.6177944540977478  ,0.6582126617431641     ,76.59131622314453                 ,Leaf Wet Accum
13,0.554905354976654   ,0.5786828994750977 ,68.60887908935547             ,0.6365832686424255  ,0.663318932056427      ,77.82276153564453                 ,Leaf Wet Accum
14,0.5498165488243103  ,0.5746669173240662 ,68.09298706054688             ,0.6497951149940491  ,0.6718576550483704     ,78.8947982788086                  ,Leaf Wet Accum
15,0.5458986759185791  ,0.5722285509109497 ,67.88253021240234             ,0.6721993684768677  ,0.6939801573753357     ,80.74510955810547                 ,Leaf Wet Accum
16,0.5408794283866882  ,0.5687203407287598 ,67.483642578125               ,0.6345306038856506  ,0.6578433513641357     ,77.42335510253906                 ,Leaf Wet Accum
0 ,0.3183889389038086  ,0.4382050931453705 ,3050.491455078125             ,0.3639755845069885  ,0.46293261647224426    ,3974.62255859375                  ,Low Temp
1 ,0.2800139784812927  ,0.40854892134666443,3028.697021484375             ,0.35021987557411194 ,0.45893630385398865    ,2392.023193359375                 ,Low Temp
2 ,0.2663980722427368  ,0.39648768305778503,2995.477783203125             ,0.3119169771671295  ,0.43714961409568787    ,2516.057861328125                 ,Low Temp
3 ,0.26047253608703613 ,0.39218178391456604,3007.5654296875               ,0.30548331141471863 ,0.43343424797058105    ,2442.70849609375                  ,Low Temp
4 ,0.25423622131347656 ,0.38788408041000366,2997.72705078125              ,0.29842016100883484 ,0.42921265959739685    ,2469.02734375                     ,Low Temp
5 ,0.2505590617656708  ,0.3851567208766937 ,3001.874267578125             ,0.30582311749458313 ,0.4353151321411133     ,2378.955078125                    ,Low Temp
6 ,0.24646927416324615 ,0.38203856348991394,2988.833984375                ,0.3122778534889221  ,0.4383886754512787     ,2350.544921875                    ,Low Temp
7 ,0.243515282869339   ,0.37959733605384827,2991.00830078125              ,0.3200082778930664  ,0.4419960379600525     ,2379.052734375                    ,Low Temp
8 ,0.24183852970600128 ,0.37812137603759766,2986.492431640625             ,0.3050229847431183  ,0.4304913878440857     ,2513.350830078125                 ,Low Temp
9 ,0.23885415494441986 ,0.37561383843421936,2979.577880859375             ,0.2891930043697357  ,0.4188019633293152     ,2594.586669921875                 ,Low Temp
10,0.23656247556209564 ,0.3736906349658966 ,2967.25                       ,0.27775394916534424 ,0.4103929102420807     ,2693.693603515625                 ,Low Temp
11,0.23395013809204102 ,0.3714315593242645 ,2973.6279296875               ,0.26902154088020325 ,0.40348881483078003    ,2787.816650390625                 ,Low Temp
12,0.2315327227115631  ,0.36934465169906616,2959.28271484375              ,0.2611147463321686  ,0.39718207716941833    ,2880.252197265625                 ,Low Temp
13,0.22922131419181824 ,0.3673589527606964 ,2957.177490234375             ,0.26089000701904297 ,0.3967567980289459     ,2891.68896484375                  ,Low Temp
14,0.22743988037109375 ,0.36592695116996765,2942.973388671875             ,0.26358744502067566 ,0.39979225397109985    ,2933.722412109375                 ,Low Temp
15,0.22476786375045776 ,0.3636069595813751 ,2926.198486328125             ,0.2702716290950775  ,0.40601956844329834    ,2858.376953125                    ,Low Temp
16,0.2222592532634735  ,0.3614814281463623 ,2915.33837890625              ,0.28113028407096863 ,0.41585955023765564    ,2825.00390625                     ,Low Temp
17,0.21932776272296906 ,0.35890063643455505,2894.078125                   ,0.2749786972999573  ,0.41033676266670227    ,2891.496826171875                 ,Low Temp
18,0.21664968132972717 ,0.356584370136261  ,2889.951171875                ,0.26952624320983887 ,0.4062383770942688     ,2949.04541015625                  ,Low Temp
19,0.2139483392238617  ,0.35415005683898926,2865.89697265625              ,0.27794206142425537 ,0.41266706585884094    ,2742.14453125                     ,Low Temp
20,0.21148799359798431 ,0.3522566258907318 ,2859.339599609375             ,0.2863408327102661  ,0.42058634757995605    ,2957.1552734375                   ,Low Temp
21,0.21070396900177002 ,0.3511672616004944 ,2851.643310546875             ,0.27653828263282776 ,0.4135496914386749     ,2870.00537109375                  ,Low Temp
22,0.2067609578371048  ,0.3481515645980835 ,2826.2138671875               ,0.2885013222694397  ,0.4227810502052307     ,2776.589599609375                 ,Low Temp
23,0.2048414945602417  ,0.3464919626712799 ,2820.816162109375             ,0.30732280015945435 ,0.43654900789260864    ,2578.602783203125                 ,Low Temp
0 ,0.49302980303764343 ,0.5568451881408691 ,411.6499328613281             ,0.4694722890853882  ,0.5835614800453186     ,326.1404113769531                 ,Out Hum
1 ,0.40436550974845886 ,0.49502843618392944,401.9894714355469             ,0.425346314907074   ,0.5492305159568787     ,355.8976745605469                 ,Out Hum
2 ,0.385531485080719   ,0.48161399364471436,407.8948974609375             ,0.4000725746154785  ,0.5336272120475769     ,306.3570251464844                 ,Out Hum
3 ,0.3802086114883423  ,0.47822141647338867,406.0556945800781             ,0.3947690725326538  ,0.5096197724342346     ,300.7071228027344                 ,Out Hum
4 ,0.3699040114879608  ,0.4694800078868866 ,402.8721923828125             ,0.4243903160095215  ,0.5243746042251587     ,267.83758544921875                ,Out Hum
5 ,0.3635490834712982  ,0.46478092670440674,403.38507080078125            ,0.42407429218292236 ,0.5300270318984985     ,262.85546875                      ,Out Hum
6 ,0.3576284646987915  ,0.46003592014312744,397.4928894042969             ,0.4139895737171173  ,0.5211575627326965     ,286.93646240234375                ,Out Hum
7 ,0.3549090325832367  ,0.45768749713897705,399.380126953125              ,0.3904445469379425  ,0.5072193145751953     ,294.8327331542969                 ,Out Hum
8 ,0.3512006402015686  ,0.4542551636695862 ,400.06103515625               ,0.40991082787513733 ,0.5298890471458435     ,284.9808654785156                 ,Out Hum
9 ,0.34575125575065613 ,0.4491026997566223 ,397.1443176269531             ,0.3916736841201782  ,0.5088316798210144     ,303.3988037109375                 ,Out Hum
10,0.3401224613189697  ,0.44480815529823303,398.0508117675781             ,0.36225682497024536 ,0.4910423755645752     ,350.3043212890625                 ,Out Hum
11,0.3431619703769684  ,0.447007417678833  ,398.2565612792969             ,0.368827223777771   ,0.49479934573173523    ,341.1546630859375                 ,Out Hum
12,0.33946046233177185 ,0.4450175166130066 ,400.9546203613281             ,0.3815896511077881  ,0.5054754614830017     ,322.463134765625                  ,Out Hum
13,0.3332980275154114  ,0.4400622248649597 ,401.7185363769531             ,0.3657701909542084  ,0.49437323212623596    ,340.4469909667969                 ,Out Hum
14,0.3326125741004944  ,0.4390178918838501 ,395.3072814941406             ,0.3648889660835266  ,0.4920586347579956     ,317.8778991699219                 ,Out Hum
15,0.33146968483924866 ,0.4382714033126831 ,394.3568115234375             ,0.34836113452911377 ,0.47689077258110046    ,313.8026428222656                 ,Out Hum
16,0.3282022774219513  ,0.4360785186290741 ,396.52789306640625            ,0.3610774576663971  ,0.49313390254974365    ,328.4891357421875                 ,Out Hum
17,0.3257818818092346  ,0.4341050386428833 ,391.9336853027344             ,0.35886651277542114 ,0.48263534903526306    ,322.9906005859375                 ,Out Hum
18,0.3236374855041504  ,0.4330613911151886 ,393.8514709472656             ,0.3922075629234314  ,0.5148347020149231     ,295.5786437988281                 ,Out Hum
19,0.32189714908599854 ,0.43092429637908936,390.9350280761719             ,0.38440901041030884 ,0.5151832103729248     ,299.1025695800781                 ,Out Hum
20,0.32275575399398804 ,0.432900607585907  ,392.6412353515625             ,0.466238409280777   ,0.5632012486457825     ,271.3742370605469                 ,Out Hum
21,0.3165769875049591  ,0.4281504452228546 ,388.13568115234375            ,0.36770743131637573 ,0.5002643465995789     ,296.94500732421875                ,Out Hum
22,0.32051780819892883 ,0.4321260452270508 ,392.65789794921875            ,0.42624005675315857 ,0.5296000242233276     ,282.9181823730469                 ,Out Hum
23,0.31439340114593506 ,0.426480233669281  ,390.4274597167969             ,0.35057514905929565 ,0.48186326026916504    ,296.586181640625                  ,Out Hum
24,0.3083101809024811  ,0.42210668325424194,387.0953674316406             ,0.36876681447029114 ,0.49034228920936584    ,298.3117370605469                 ,Out Hum
25,0.30317407846450806 ,0.4169800877571106 ,385.22662353515625            ,0.3611810803413391  ,0.4831565320491791     ,314.6936340332031                 ,Out Hum
0 ,0.9905734658241272  ,0.250783234834671  ,115.559814453125              ,0.8033139705657959  ,0.20702284574508667    ,93.33621215820312                 ,Rain
1 ,0.9681812524795532  ,0.24621453881263733,117.6697769165039             ,0.803169846534729   ,0.2214210331439972     ,108.43585205078125                ,Rain
2 ,0.9625909924507141  ,0.24616219103336334,118.65519714355469            ,0.8047559261322021  ,0.23963160812854767    ,121.29605102539062                ,Rain
3 ,0.9582666158676147  ,0.24499119818210602,118.41178894042969            ,0.8071324825286865  ,0.24238210916519165    ,122.74527740478516                ,Rain
4 ,0.9556729197502136  ,0.24453002214431763,118.65692901611328            ,0.810528039932251   ,0.24560515582561493    ,126.0851058959961                 ,Rain
5 ,0.9534950256347656  ,0.24287782609462738,117.85446166992188            ,0.8156794309616089  ,0.2547624707221985     ,134.0833282470703                 ,Rain
6 ,0.9510042071342468  ,0.24140450358390808,117.24159240722656            ,0.8231953382492065  ,0.2598959803581238     ,139.16317749023438                ,Rain
7 ,0.9514981508255005  ,0.24342480301856995,118.58795166015625            ,0.8139548301696777  ,0.2459072470664978     ,127.31570434570312                ,Rain
8 ,0.9496045708656311  ,0.24315620958805084,118.81405639648438            ,0.8084888458251953  ,0.24056994915008545    ,122.77195739746094                ,Rain
9 ,0.9469820857048035  ,0.24126584827899933,117.63236999511719            ,0.8189372420310974  ,0.2506871521472931     ,131.5332489013672                 ,Rain
10,0.945817232131958   ,0.2420748621225357 ,118.15877532958984            ,0.8435150384902954  ,0.2759445011615753     ,153.7543487548828                 ,Rain
11,0.9406209588050842  ,0.242887482047081  ,119.4717788696289             ,0.8466504216194153  ,0.28349971771240234    ,159.98590087890625                ,Rain
0 ,0.18132105469703674 ,0.28862446546554565,57.34382247924805             ,0.28215742111206055 ,0.5058306455612183     ,75.54315948486328                 ,Soils 1 Moist.
1 ,0.11179140955209732 ,0.22057713568210602,48.73948669433594             ,0.12262483686208725 ,0.2785508632659912     ,65.72950744628906                 ,Soils 1 Moist.
2 ,0.09173949062824249 ,0.19208240509033203,45.516197204589844            ,0.08088399469852448 ,0.2196168303489685     ,59.05248260498047                 ,Soils 1 Moist.
3 ,0.0774742141366005  ,0.17502841353416443,44.02689743041992             ,0.11331925541162491 ,0.30172160267829895    ,62.230098724365234                ,Soils 1 Moist.
4 ,0.07502000033855438 ,0.17331409454345703,45.17123794555664             ,0.1134263128042221  ,0.30006250739097595    ,63.82588577270508                 ,Soils 1 Moist.
5 ,0.06722856312990189 ,0.16185134649276733,42.9549446105957              ,0.09572083503007889 ,0.2690712809562683     ,60.1329460144043                  ,Soils 1 Moist.
6 ,0.06654098629951477 ,0.1614200323820114 ,43.379642486572266            ,0.08966301381587982 ,0.252357542514801      ,60.18460464477539                 ,Soils 1 Moist.
7 ,0.06215334311127663 ,0.15379230678081512,42.2611083984375              ,0.07885211706161499 ,0.2320965975522995     ,59.28512954711914                 ,Soils 1 Moist.
8 ,0.058619286864995956,0.14989221096038818,41.09492492675781             ,0.08583208918571472 ,0.2507067322731018     ,59.64455032348633                 ,Soils 1 Moist.
9 ,0.055742647498846054,0.14719738066196442,40.589908599853516            ,0.07890117168426514 ,0.23148849606513977    ,58.74998092651367                 ,Soils 1 Moist.
10,0.05463998019695282 ,0.14546465873718262,40.4387092590332              ,0.09194091707468033 ,0.26237964630126953    ,58.81696319580078                 ,Soils 1 Moist.
11,0.0514671616256237  ,0.13986736536026   ,39.60029983520508             ,0.07266609370708466 ,0.19821636378765106    ,60.10626983642578                 ,Soils 1 Moist.
12,0.05149111524224281 ,0.13830190896987915,38.724586486816406            ,0.071741983294487   ,0.19555248320102692    ,59.610897064208984                ,Soils 1 Moist.
13,0.04895738512277603 ,0.13549722731113434,38.071563720703125            ,0.07215113192796707 ,0.20555146038532257    ,57.30332946777344                 ,Soils 1 Moist.
14,0.04828562214970589 ,0.13384103775024414,39.14167785644531             ,0.06811027228832245 ,0.20308659970760345    ,57.49753189086914                 ,Soils 1 Moist.
15,0.04700146242976189 ,0.13255977630615234,38.83211898803711             ,0.08348332345485687 ,0.2205497771501541     ,61.84169387817383                 ,Soils 1 Moist.
16,0.04695776849985123 ,0.13372638821601868,38.09164047241211             ,0.06852433830499649 ,0.17795611917972565    ,59.25779342651367                 ,Soils 1 Moist.
17,0.04536069557070732 ,0.13086040318012238,37.027381896972656            ,0.0656888410449028  ,0.18278205394744873    ,56.12916946411133                 ,Soils 1 Moist.
18,0.04506656154990196 ,0.12967784702777863,36.3337287902832              ,0.06461838632822037 ,0.17460812628269196    ,55.7935676574707                  ,Soils 1 Moist.
19,0.044006019830703735,0.12805843353271484,36.08816909790039             ,0.06500821560621262 ,0.1640571653842926     ,58.64624786376953                 ,Soils 1 Moist.
20,0.044456128031015396,0.13029052317142487,36.64094924926758             ,0.05754004046320915 ,0.16625745594501495    ,51.96037673950195                 ,Soils 1 Moist.
21,0.04331504926085472 ,0.12720030546188354,36.327239990234375            ,0.06457240879535675 ,0.19253462553024292    ,55.41749954223633                 ,Soils 1 Moist.
22,0.04223483055830002 ,0.12450611591339111,35.7690544128418              ,0.06587768346071243 ,0.17399300634860992    ,55.866065979003906                ,Soils 1 Moist.
23,0.042607441544532776,0.12552966177463531,35.40444564819336             ,0.06301875412464142 ,0.18379183113574982    ,54.87677001953125                 ,Soils 1 Moist.
24,0.040784962475299835,0.12391183525323868,34.15106201171875             ,0.06125681847333908 ,0.160830557346344      ,54.75200271606445                 ,Soils 1 Moist.
25,0.03976892679929733 ,0.12205162644386292,33.79195785522461             ,0.05453475937247276 ,0.15082593262195587    ,52.22280502319336                 ,Soils 1 Moist.
26,0.041065409779548645,0.12217859923839569,34.31024169921875             ,0.05878007784485817 ,0.15818919241428375    ,54.68321990966797                 ,Soils 1 Moist.
27,0.04075378179550171 ,0.12479258328676224,35.62146759033203             ,0.05547589436173439 ,0.15202240645885468    ,52.426658630371094                ,Soils 1 Moist.
28,0.040332503616809845,0.12647655606269836,35.124454498291016            ,0.054294854402542114,0.14935173094272614    ,52.884403228759766                ,Soils 1 Moist.
29,0.038091275840997696,0.1192292645573616 ,33.43104553222656             ,0.05517660826444626 ,0.1557563990354538     ,52.72055435180664                 ,Soils 1 Moist.
30,0.03672821819782257 ,0.11830434948205948,32.759376525878906            ,0.0613112710416317  ,0.16130469739437103    ,54.60353469848633                 ,Soils 1 Moist.
31,0.037820786237716675,0.1215258240699768 ,32.98797607421875             ,0.06113886460661888 ,0.15740132331848145    ,56.715641021728516                ,Soils 1 Moist.
32,0.03666060045361519 ,0.1196259930729866 ,33.46284866333008             ,0.05752797797322273 ,0.1600484400987625     ,53.249324798583984                ,Soils 1 Moist.
33,0.03714660927653313 ,0.11913042515516281,32.83990478515625             ,0.055384933948516846,0.1468503326177597     ,54.44167709350586                 ,Soils 1 Moist.
34,0.037422508001327515,0.12176342308521271,34.21990203857422             ,0.05454837903380394 ,0.14732061326503754    ,51.75583267211914                 ,Soils 1 Moist.
35,0.036011237651109695,0.11802684515714645,33.82190704345703             ,0.05740371346473694 ,0.15384501218795776    ,53.9287109375                     ,Soils 1 Moist.
36,0.03706160932779312 ,0.11884792149066925,32.59330749511719             ,0.05693206191062927 ,0.1478361189365387     ,51.874488830566406                ,Soils 1 Moist.
37,0.03365221992135048 ,0.11576595902442932,31.827253341674805            ,0.05397265404462814 ,0.15274514257907867    ,50.65463638305664                 ,Soils 1 Moist.
38,0.03377704322338104 ,0.11322571337223053,31.61129379272461             ,0.05701332911849022 ,0.1434316486120224     ,52.58403778076172                 ,Soils 1 Moist.
39,0.03516707196831703 ,0.11903953552246094,34.292877197265625            ,0.05785160884261131 ,0.16698679327964783    ,51.97809600830078                 ,Soils 1 Moist.
40,0.03423788398504257 ,0.11581826210021973,32.065513610839844            ,0.05229060724377632 ,0.13479582965373993    ,51.003517150878906                ,Soils 1 Moist.
41,0.03217156231403351 ,0.11127471923828125,32.90341567993164             ,0.05668734759092331 ,0.16133758425712585    ,53.49278259277344                 ,Soils 1 Moist.
42,0.034377943724393845,0.1139366403222084 ,31.88608741760254             ,0.05183345079421997 ,0.1393125057220459     ,52.241573333740234                ,Soils 1 Moist.
43,0.02982364036142826 ,0.10882677882909775,31.115825653076172            ,0.05421235039830208 ,0.14584073424339294    ,51.9249382019043                  ,Soils 1 Moist.
44,0.03088119439780712 ,0.10911042243242264,31.815155029296875            ,0.053322289139032364,0.1455267071723938     ,50.36943054199219                 ,Soils 1 Moist.
45,0.035234853625297546,0.11610598862171173,32.374122619628906            ,0.055878277868032455,0.15664899349212646    ,49.42818832397461                 ,Soils 1 Moist.
46,0.03733266144990921 ,0.11458592861890793,30.81688690185547             ,0.0753495842218399  ,0.18753641843795776    ,57.48728942871094                 ,Soils 1 Moist.
47,0.035766325891017914,0.11316309869289398,29.66716766357422             ,0.07365451753139496 ,0.17934665083885193    ,59.269264221191406                ,Soils 1 Moist.
48,0.034293800592422485,0.11211459338665009,29.073474884033203            ,0.05613481253385544 ,0.15751448273658752    ,51.910423278808594                ,Soils 1 Moist.
49,0.032998938113451004,0.10897326469421387,29.911190032958984            ,0.063841812312603   ,0.1640889048576355     ,54.19348907470703                 ,Soils 1 Moist.
50,0.03313086926937103 ,0.11042777448892593,30.61199188232422             ,0.06912945210933685 ,0.1830025017261505     ,54.92308044433594                 ,Soils 1 Moist.
51,0.03482067212462425 ,0.117485910654068  ,30.836984634399414            ,0.057382263243198395,0.15908992290496826    ,50.94398880004883                 ,Soils 1 Moist.
52,0.029155563563108444,0.10678640007972717,29.11620330810547             ,0.05490921810269356 ,0.14306776225566864    ,53.280948638916016                ,Soils 1 Moist.
0 ,0.249894380569458   ,0.3433803617954254 ,143.30960083007812            ,0.3024596571922302  ,0.413659930229187      ,126.81304168701172                ,Solar Rad.
1 ,0.21091705560684204 ,0.30121341347694397,139.78614807128906            ,0.24672040343284607 ,0.34119462966918945    ,105.96324920654297                ,Solar Rad.
2 ,0.20060111582279205 ,0.2844700515270233 ,142.2025146484375             ,0.20482461154460907 ,0.304949015378952      ,84.76223754882812                 ,Solar Rad.
3 ,0.19384871423244476 ,0.2768397629261017 ,138.5064697265625             ,0.20214225351810455 ,0.2927539646625519     ,96.62359619140625                 ,Solar Rad.
4 ,0.19202613830566406 ,0.2721445560455322 ,140.24925231933594            ,0.19038105010986328 ,0.29187023639678955    ,92.09090423583984                 ,Solar Rad.
5 ,0.18788763880729675 ,0.26716598868370056,138.29727172851562            ,0.1730186641216278  ,0.24766497313976288    ,88.61786651611328                 ,Solar Rad.
6 ,0.1854429990053177  ,0.2634655237197876 ,137.6229705810547             ,0.16592681407928467 ,0.2440262883901596     ,83.4837646484375                  ,Solar Rad.
7 ,0.18355219066143036 ,0.26193565130233765,136.77117919921875            ,0.2003820538520813  ,0.28201907873153687    ,105.3917465209961                 ,Solar Rad.
8 ,0.18312829732894897 ,0.26075810194015503,137.24453735351562            ,0.19299404323101044 ,0.30253925919532776    ,101.28414154052734                ,Solar Rad.
9 ,0.18153919279575348 ,0.25919318199157715,136.1584930419922             ,0.18556366860866547 ,0.2899739146232605     ,96.51792907714844                 ,Solar Rad.
10,0.1795046627521515  ,0.25650328397750854,134.63082885742188            ,0.17442452907562256 ,0.24545055627822876    ,89.35903930664062                 ,Solar Rad.
11,0.17791923880577087 ,0.25479409098625183,133.97219848632812            ,0.17084644734859467 ,0.2438192516565323     ,84.80276489257812                 ,Solar Rad.
12,0.17636463046073914 ,0.25278231501579285,130.99273681640625            ,0.17354804277420044 ,0.24972447752952576    ,83.72703552246094                 ,Solar Rad.
13,0.17488819360733032 ,0.2516374886035919 ,130.6178436279297             ,0.17143017053604126 ,0.24148529767990112    ,83.55168914794922                 ,Solar Rad.
14,0.17305457592010498 ,0.24983173608779907,129.35821533203125            ,0.17889747023582458 ,0.2512114346027374     ,87.21478271484375                 ,Solar Rad.
15,0.17106565833091736 ,0.24787645041942596,126.92990112304688            ,0.17627733945846558 ,0.24822379648685455    ,84.3124771118164                  ,Solar Rad.
16,0.16967348754405975 ,0.24721843004226685,128.28155517578125            ,0.18970777094364166 ,0.26201897859573364    ,95.0909652709961                  ,Solar Rad.
0 ,0.2960716485977173  ,0.4232705533504486 ,189.45394897460938            ,0.3682441711425781  ,0.46022850275039673    ,237.76351928710938                ,Temp Out
1 ,0.26049143075942993 ,0.394595742225647  ,188.27772521972656            ,0.2964653968811035  ,0.42172157764434814    ,164.24478149414062                ,Temp Out
2 ,0.24950727820396423 ,0.38389649987220764,185.01266479492188            ,0.2849291265010834  ,0.4136112332344055     ,158.07223510742188                ,Temp Out
3 ,0.24156969785690308 ,0.3771039843559265 ,184.2577362060547             ,0.26046645641326904 ,0.3951968848705292     ,171.6587371826172                 ,Temp Out
4 ,0.2376059740781784  ,0.37394362688064575,183.72181701660156            ,0.26980409026145935 ,0.4053175151348114     ,165.86907958984375                ,Temp Out
5 ,0.23402315378189087 ,0.37105125188827515,182.94393920898438            ,0.2694413363933563  ,0.4061131179332733     ,164.9050750732422                 ,Temp Out
6 ,0.22950181365013123 ,0.3678373396396637 ,182.5582275390625             ,0.2857043147087097  ,0.41775837540626526    ,162.02635192871094                ,Temp Out
7 ,0.22672243416309357 ,0.36552634835243225,182.26817321777344            ,0.2721676528453827  ,0.40740111470222473    ,167.1160888671875                 ,Temp Out
8 ,0.2240407019853592  ,0.3633224666118622 ,181.6245574951172             ,0.27199527621269226 ,0.4089433550834656     ,165.93389892578125                ,Temp Out
9 ,0.22210641205310822 ,0.36178290843963623,180.976318359375              ,0.2721635103225708  ,0.40903598070144653    ,167.59146118164062                ,Temp Out
10,0.21971867978572845 ,0.35988306999206543,180.4952850341797             ,0.27776098251342773 ,0.4122759699821472     ,167.60995483398438                ,Temp Out
11,0.2170758694410324  ,0.3575358986854553 ,179.62322998046875            ,0.28446894884109497 ,0.41739413142204285    ,170.30999755859375                ,Temp Out
12,0.21397565305233002 ,0.35481134057044983,178.12265014648438            ,0.28316137194633484 ,0.41609838604927063    ,172.87835693359375                ,Temp Out
13,0.2115771621465683  ,0.35272714495658875,177.66867065429688            ,0.2768492102622986  ,0.41233158111572266    ,174.87725830078125                ,Temp Out
0 ,0.7737164497375488  ,0.6121878623962402 ,112.71720886230469            ,0.3051908314228058  ,0.46194779872894287    ,95.84053039550781                 ,Wind Speed
1 ,0.6490496397018433  ,0.5545331835746765 ,110.69735717773438            ,0.3014526963233948  ,0.46281975507736206    ,107.63334655761719                ,Wind Speed
2 ,0.6261466145515442  ,0.5458522439002991 ,110.93180847167969            ,0.25938084721565247 ,0.4183878004550934     ,101.41348266601562                ,Wind Speed
3 ,0.6192213892936707  ,0.5376647114753723 ,109.77816009521484            ,0.2636266052722931  ,0.42421841621398926    ,100.04911041259766                ,Wind Speed
4 ,0.5989348292350769  ,0.5265636444091797 ,109.68766021728516            ,0.2894769608974457  ,0.4559628367424011     ,97.1760482788086                  ,Wind Speed
5 ,0.5951581001281738  ,0.5262243151664734 ,109.71712493896484            ,0.2794222831726074  ,0.43584534525871277    ,93.54219818115234                 ,Wind Speed
6 ,0.5883374810218811  ,0.5251277089118958 ,109.31945037841797            ,0.3116150200366974  ,0.4584009051322937     ,99.5484390258789                  ,Wind Speed
7 ,0.5757974982261658  ,0.5162342190742493 ,107.97911834716797            ,0.2808917164802551  ,0.42067334055900574    ,91.61986541748047                 ,Wind Speed
8 ,0.5714086890220642  ,0.5121036171913147 ,107.52787780761719            ,0.2914106547832489  ,0.44983795285224915    ,96.95967102050781                 ,Wind Speed
9 ,0.5611963868141174  ,0.5072622299194336 ,107.16810607910156            ,0.3039214611053467  ,0.4566483497619629     ,96.5661849975586                  ,Wind Speed
10,0.5540481209754944  ,0.502150297164917  ,106.49213409423828            ,0.28681859374046326 ,0.4448792338371277     ,94.42312622070312                 ,Wind Speed
11,0.5413410663604736  ,0.499173641204834  ,106.5296401977539             ,0.2811611592769623  ,0.4315505623817444     ,95.71724700927734                 ,Wind Speed
12,0.5314499139785767  ,0.4930509924888611 ,105.51953887939453            ,0.2991151213645935  ,0.442947655916214      ,100.01496887207031                ,Wind Speed
